filename,caption,entry_date,entry_slug,have_local,page
Cave.jpg,Cave,2006-05-09,001-first-blog-of-the-trog,,Diary/001_First_Blog_Of_The_Trog.html
Ollie.jpg,Ollie,2006-05-17,002-updating-format,yes,Diary/002_updating_format.html
Richard Shows Jenny.jpg,Richard Shows Jenny,2006-06-30,007-birth-of-dino,,Diary/007_birth_of_dino.html
grim8_crew-785970.jpg,grim8 crew-785970,2006-06-30,019-merry-hic-christmas-everyone,,Diary/019_merry_hic_christmas_everyone.html
bluesky-736478.jpg,bluesky-736478,2006-07-18,011-its-hot,,Diary/011_its_hot.html
SunSet-763295.jpg,SunSet-763295,2006-08-07,012-escaping-the-prinson-bars,,Diary/012_escaping_the_prinson_bars.html
SunSet-768227.jpg,SunSet-768227,2006-08-07,012-escaping-the-prinson-bars,,Diary/012_escaping_the_prinson_bars.html
Baldmasnapper1-710560.jpg,Baldmasnapper1-710560,2006-09-10,013-this-ones-for-jimla,,Diary/013_this_ones_for_jimla.html
Baldmasnapper1-715719.jpg,Baldmasnapper1-715719,2006-09-10,013-this-ones-for-jimla,,Diary/013_this_ones_for_jimla.html
LandyonFerry-770419.jpg,LandyonFerry-770419,2006-09-10,013-this-ones-for-jimla,,Diary/013_this_ones_for_jimla.html
LandyonFerry-773967.jpg,LandyonFerry-773967,2006-09-10,013-this-ones-for-jimla,,Diary/013_this_ones_for_jimla.html
B_and_l_Ol_NF_HMarathon-798790.jpg,B and l Ol NF HMarathon-798790,2006-09-24,014-and-now-the-hard-work-begins,,Diary/014_and_now_the_hard_work_begins.html
Gall_stone-774874.jpg,Gall stone-774874,2006-10-12,015-road-to-recovery-sydney,,Diary/015_road_to_recovery_sydney.html
Puncture_repair.jpg,Puncture repair,2006-11-02,018-running-repairs,,Diary/018_running_repairs.html
frontview.jpg,frontview,2006-11-02,018-running-repairs,,Diary/018_running_repairs.html
landy2.jpg,landy2,2006-11-02,018-running-repairs,,Diary/018_running_repairs.html
broken_car-707284.JPG,broken car-707284,2006-11-05,017-crumpled,,Diary/017_crumpled.html
broken_car-710760.JPG,broken car-710760,2006-11-05,017-crumpled,,Diary/017_crumpled.html
dinoinbristol-744547.jpg,dinoinbristol-744547,2007-01-15,020-happy-sober-new-year,,Diary/020_happy_sober_new_year.html
kellyandpotje-720643.jpg,kellyandpotje-720643,2007-01-15,020-happy-sober-new-year,,Diary/020_happy_sober_new_year.html
Oily_jenny-753734.png,Oily jenny-753734,2007-02-18,021-dinos-got-big-nuts,,Diary/021_dinos_got_big_nuts.html
dogguard-705455.png,dogguard-705455,2007-02-18,021-dinos-got-big-nuts,,Diary/021_dinos_got_big_nuts.html
dino_and_friends-776972.jpg,dino and friends-776972,2007-03-19,022-shire-land-rover-clubs-rocks,,Diary/022_shire_land_rover_clubs_rocks.html
wading_plugs-723293.jpg,wading plugs-723293,2007-03-19,022-shire-land-rover-clubs-rocks,,Diary/022_shire_land_rover_clubs_rocks.html
118ollie-732214.jpg,118ollie-732214,2007-05-28,023-3000-thank-you,,Diary/023_3000_thank_you.html
Ollie_and_Di-755041.jpg,Ollie and Di-755041,2007-05-28,023-3000-thank-you,,Diary/023_3000_thank_you.html
aa_dino-704925.jpg,aa dino-704925,2007-05-28,023-3000-thank-you,,Diary/023_3000_thank_you.html
aa_dino-770629.jpg,aa dino-770629,2007-05-28,023-3000-thank-you,,Diary/023_3000_thank_you.html
new_speakers-785109.jpg,new speakers-785109,2007-05-28,023-3000-thank-you,,Diary/023_3000_thank_you.html
koz-798273.gif,koz-798273,2007-06-10,024-shower-power,,Diary/024_shower_power.html
sandladders-708344.jpg,sandladders-708344,2007-06-10,024-shower-power,,Diary/024_shower_power.html
savanna-737648.jpg,savanna-737648,2007-06-10,024-shower-power,,Diary/024_shower_power.html
adord-772831.jpg,adord-772831,2007-07-15,025-two-weddings-and-a-stag-do,,Diary/025_two_weddings_and_a_stag_do.html
afuel-741629.jpg,afuel-741629,2007-07-15,025-two-weddings-and-a-stag-do,,Diary/025_two_weddings_and_a_stag_do.html
ajdin-734887.jpg,ajdin-734887,2007-07-15,025-two-weddings-and-a-stag-do,,Diary/025_two_weddings_and_a_stag_do.html
amasks-728021.jpg,amasks-728021,2007-07-15,025-two-weddings-and-a-stag-do,,Diary/025_two_weddings_and_a_stag_do.html
bandm-771257.jpg,bandm-771257,2007-07-15,025-two-weddings-and-a-stag-do,,Diary/025_two_weddings_and_a_stag_do.html
eandj-759938.jpg,eandj-759938,2007-07-15,025-two-weddings-and-a-stag-do,,Diary/025_two_weddings_and_a_stag_do.html
mandl-770830.jpg,mandl-770830,2007-07-15,025-two-weddings-and-a-stag-do,,Diary/025_two_weddings_and_a_stag_do.html
118ollie-732219.jpg,118ollie-732219,2007-09-02,,,Diary/Diary.html
B_and_l_Ol_NF_HMarathon-761453.jpg,B and l Ol NF HMarathon-761453,2007-09-02,,,Diary/Diary.html
First-Training-Run-743077.gif,First-Training-Run-743077,2007-09-02,,,Diary/Diary.html
Oilly-735422.jpg,Oilly-735422,2007-09-02,,,Diary/Diary.html
Oily_jenny-758052.png,Oily jenny-758052,2007-09-02,,,Diary/Diary.html
First-Training-Run-753852.gif,First-Training-Run-753852,2007-09-09,028-john-o-groats-to-lands-end-charity,,Diary/028_john_o_groats_to_lands_end_charity.html
little_ol.jpg,little ol,2007-09-09,028-john-o-groats-to-lands-end-charity,,Diary/028_john_o_groats_to_lands_end_charity.html
Oilly-735425.jpg,Oilly-735425,2007-10-07,029-vehicle-guide,,Diary/029_vehicle_guide.html
Oilly-791836.jpg,Oilly-791836,2007-10-07,029-vehicle-guide,,Diary/029_vehicle_guide.html
ditch-792242.jpg,ditch-792242,2007-10-07,029-vehicle-guide,,Diary/029_vehicle_guide.html
jenny_unimog-755586.jpg,jenny unimog-755586,2007-10-07,029-vehicle-guide,,Diary/029_vehicle_guide.html
Olga-749899.jpg,Olga-749899,2007-11-18,030-yani-puni-mayo,,Diary/030_yani_puni_mayo.html
classroom-739463.jpg,classroom-739463,2007-11-18,030-yani-puni-mayo,,Diary/030_yani_puni_mayo.html
bad_ankle.jpg,bad ankle,2008-01-24,031-merry-christmas-happy-new-year-sorry-for-the-delay,,Diary/031_merry_Christmas_happy_new_year_sorry_for_the_delay.html
canoe2.jpg,canoe2,2008-01-24,031-merry-christmas-happy-new-year-sorry-for-the-delay,,Diary/031_merry_Christmas_happy_new_year_sorry_for_the_delay.html
jenandjul.jpg,jenandjul,2008-01-24,031-merry-christmas-happy-new-year-sorry-for-the-delay,,Diary/031_merry_Christmas_happy_new_year_sorry_for_the_delay.html
jennysitting.jpg,jennysitting,2008-01-24,031-merry-christmas-happy-new-year-sorry-for-the-delay,,Diary/031_merry_Christmas_happy_new_year_sorry_for_the_delay.html
3wisemen.jpg,3wisemen,2008-03-21,032-bread-of-heaven,,Diary/032_bread_of_heaven.html
bread_of_heaven.jpg,bread of heaven,2008-03-21,032-bread-of-heaven,,Diary/032_bread_of_heaven.html
spade.jpg,spade,2008-03-21,032-bread-of-heaven,,Diary/032_bread_of_heaven.html
bike.jpg,bike,2008-06-29,034-joggling-the-route,,Diary/034_joggling_the_route.html
3233_72424425935_711525935_2153302_6249808_n.jpg,3233 72424425935 711525935 2153302 6249808 n,2009-04-16,042-camping-in-colditz,,Diary/042_camping_in_colditz.html
P1000224.JPG,,2009-04-16,042-camping-in-colditz,,Diary/042_camping_in_colditz.html
P1000239.JPG,,2009-04-16,042-camping-in-colditz,,Diary/042_camping_in_colditz.html
P1000247.JPG,,2009-04-16,042-camping-in-colditz,,Diary/042_camping_in_colditz.html
P1000252.JPG,,2009-04-16,042-camping-in-colditz,,Diary/042_camping_in_colditz.html
P1000266.JPG,,2009-04-16,042-camping-in-colditz,,Diary/042_camping_in_colditz.html
Auschvitz.JPG,Auschvitz,2009-04-17,044-poland,,Diary/044_Poland.html
Dan Lucyna.JPG,Dan Lucyna,2009-04-17,044-poland,,Diary/044_Poland.html
Krakow Castle.JPG,Krakow Castle,2009-04-17,044-poland,,Diary/044_Poland.html
Last Supper.JPG,Last Supper,2009-04-17,044-poland,,Diary/044_Poland.html
OJ Summit.JPG,OJ Summit,2009-04-17,044-poland,,Diary/044_Poland.html
Salt God.JPG,Salt God,2009-04-17,044-poland,,Diary/044_Poland.html
Salt Mine Carving.JPG,Salt Mine Carving,2009-04-17,044-poland,,Diary/044_Poland.html
Salt Mine Cathedral.JPG,Salt Mine Cathedral,2009-04-17,044-poland,,Diary/044_Poland.html
Salt Mine.JPG,Salt Mine,2009-04-17,044-poland,,Diary/044_Poland.html
Wroclaw Town Hall.JPG,Wroclaw Town Hall,2009-04-17,044-poland,,Diary/044_Poland.html
Zakopane Cycle.JPG,Zakopane Cycle,2009-04-17,044-poland,,Diary/044_Poland.html
gnomes.JPG,gnomes,2009-04-17,044-poland,,Diary/044_Poland.html
leaving_cornwall.jpg,leaving cornwall,2009-04-25,043-fame-at-last,,Diary/043_Fame_at_last.html
oj2.jpg,oj2,2009-04-25,043-fame-at-last,,Diary/043_Fame_at_last.html
oj2_big.jpg,oj2 big,2009-04-25,043-fame-at-last,,Diary/043_Fame_at_last.html
DSCF0972.JPG,,2009-04-26,046-mooching-in-magyar,,Diary/046_Mooching_in_Magyar.html
DSCF0981.JPG,,2009-04-26,046-mooching-in-magyar,,Diary/046_Mooching_in_Magyar.html
DSCF0994.JPG,,2009-04-26,046-mooching-in-magyar,,Diary/046_Mooching_in_Magyar.html
DSCF2002.JPG,,2009-04-26,046-mooching-in-magyar,,Diary/046_Mooching_in_Magyar.html
DSCF2005.JPG,,2009-04-26,046-mooching-in-magyar,,Diary/046_Mooching_in_Magyar.html
P1000399.JPG,,2009-04-26,046-mooching-in-magyar,,Diary/046_Mooching_in_Magyar.html
Bikes.JPG,Bikes,2009-05-01,045-overlanding-toys,,Diary/045_overlanding_toys.html
Boat.JPG,Boat,2009-05-01,045-overlanding-toys,,Diary/045_overlanding_toys.html
Cobb and Dino.JPG,Cobb and Dino,2009-05-01,045-overlanding-toys,,Diary/045_overlanding_toys.html
DSC00772.JPG,,2009-05-02,048-roaming-in-romania,,Diary/048_Roaming_in_Romania.html
DSC00827.JPG,,2009-05-02,048-roaming-in-romania,,Diary/048_Roaming_in_Romania.html
DSC00841.JPG,,2009-05-02,048-roaming-in-romania,,Diary/048_Roaming_in_Romania.html
DSCF6005.JPG,,2009-05-02,048-roaming-in-romania,,Diary/048_Roaming_in_Romania.html
DSCF6011.JPG,,2009-05-02,048-roaming-in-romania,,Diary/048_Roaming_in_Romania.html
DSCF6018.JPG,,2009-05-02,048-roaming-in-romania,,Diary/048_Roaming_in_Romania.html
P1000402.JPG,,2009-05-02,048-roaming-in-romania,,Diary/048_Roaming_in_Romania.html
P1000408.JPG,,2009-05-02,048-roaming-in-romania,,Diary/048_Roaming_in_Romania.html
P1000416.JPG,,2009-05-02,048-roaming-in-romania,,Diary/048_Roaming_in_Romania.html
P1000438.JPG,,2009-05-02,048-roaming-in-romania,,Diary/048_Roaming_in_Romania.html
P1000452.JPG,,2009-05-02,048-roaming-in-romania,,Diary/048_Roaming_in_Romania.html
P1000457.JPG,,2009-05-02,048-roaming-in-romania,,Diary/048_Roaming_in_Romania.html
P1000458.JPG,,2009-05-02,048-roaming-in-romania,,Diary/048_Roaming_in_Romania.html
P1000479.JPG,,2009-05-02,048-roaming-in-romania,,Diary/048_Roaming_in_Romania.html
P1000533.JPG,,2009-05-02,048-roaming-in-romania,,Diary/048_Roaming_in_Romania.html
P1000537.JPG,,2009-05-02,048-roaming-in-romania,,Diary/048_Roaming_in_Romania.html
P1000538.JPG,,2009-05-02,048-roaming-in-romania,,Diary/048_Roaming_in_Romania.html
Blue Mosque.JPG,Blue Mosque,2009-05-12,049-ollies-delight,,Diary/049_Ollies_Delight.html
Dino in Istanbul.JPG,Dino in Istanbul,2009-05-12,049-ollies-delight,,Diary/049_Ollies_Delight.html
Fountain.JPG,Fountain,2009-05-12,049-ollies-delight,,Diary/049_Ollies_Delight.html
Hammock.JPG,Hammock,2009-05-12,049-ollies-delight,,Diary/049_Ollies_Delight.html
Turkey Sign.JPG,Turkey Sign,2009-05-12,049-ollies-delight,,Diary/049_Ollies_Delight.html
Turkish Flag.JPG,Turkish Flag,2009-05-12,049-ollies-delight,,Diary/049_Ollies_Delight.html
yum.JPG,yum,2009-05-12,049-ollies-delight,,Diary/049_Ollies_Delight.html
Boozey Ollie.JPG,Boozey Ollie,2009-05-13,047-overlanding-life,,Diary/047_Overlanding_Life.html
Dino and Sand.JPG,Dino and Sand,2009-05-13,047-overlanding-life,,Diary/047_Overlanding_Life.html
Kitchen Assistant.JPG,Kitchen Assistant,2009-05-13,047-overlanding-life,,Diary/047_Overlanding_Life.html
P1000307.JPG,,2009-05-13,047-overlanding-life,,Diary/047_Overlanding_Life.html
Air Hostess.JPG,Air Hostess,2009-05-18,050-asian-dreams,,Diary/050_Asian_Dreams.html
Ararat.JPG,Ararat,2009-05-18,050-asian-dreams,,Diary/050_Asian_Dreams.html
Asia.JPG,Asia,2009-05-18,050-asian-dreams,,Diary/050_Asian_Dreams.html
Asmail.JPG,Asmail,2009-05-18,050-asian-dreams,,Diary/050_Asian_Dreams.html
Back.JPG,Back,2009-05-18,050-asian-dreams,,Diary/050_Asian_Dreams.html
Backgammon.JPG,Backgammon,2009-05-18,050-asian-dreams,,Diary/050_Asian_Dreams.html
Cap Church.JPG,Cap Church,2009-05-18,050-asian-dreams,,Diary/050_Asian_Dreams.html
Climb.JPG,Climb,2009-05-18,050-asian-dreams,,Diary/050_Asian_Dreams.html
Hizir Family.JPG,Hizir Family,2009-05-18,050-asian-dreams,,Diary/050_Asian_Dreams.html
Hobbit.JPG,Hobbit,2009-05-18,050-asian-dreams,,Diary/050_Asian_Dreams.html
Kavalte.JPG,Kavalte,2009-05-18,050-asian-dreams,,Diary/050_Asian_Dreams.html
Safronbolu Breakfast.JPG,Safronbolu Breakfast,2009-05-18,050-asian-dreams,,Diary/050_Asian_Dreams.html
Tripppppyy.JPG,Tripppppyy,2009-05-18,050-asian-dreams,,Diary/050_Asian_Dreams.html
close heads.JPG,close heads,2009-05-18,050-asian-dreams,,Diary/050_Asian_Dreams.html
crawl.JPG,crawl,2009-05-18,050-asian-dreams,,Diary/050_Asian_Dreams.html
exit.JPG,exit,2009-05-18,050-asian-dreams,,Diary/050_Asian_Dreams.html
heads.JPG,heads,2009-05-18,050-asian-dreams,,Diary/050_Asian_Dreams.html
hill.JPG,hill,2009-05-18,050-asian-dreams,,Diary/050_Asian_Dreams.html
snake pass.JPG,snake pass,2009-05-18,050-asian-dreams,,Diary/050_Asian_Dreams.html
Arton.JPG,Arton,2009-06-20,051-vive-la-revolution,,Diary/051_vive_la_revolution.html
Desert Road.JPG,Desert Road,2009-06-20,051-vive-la-revolution,,Diary/051_vive_la_revolution.html
chador.JPG,chador,2009-06-29,052-iran-in-a-sack,,Diary/052_Iran_in_a_sack.html
girls questions.JPG,girls questions,2009-06-29,052-iran-in-a-sack,,Diary/052_Iran_in_a_sack.html
illegal backgammon.JPG,illegal backgammon,2009-06-29,052-iran-in-a-sack,,Diary/052_Iran_in_a_sack.html
persepolis.JPG,persepolis,2009-06-29,052-iran-in-a-sack,,Diary/052_Iran_in_a_sack.html
the sack.JPG,the sack,2009-06-29,052-iran-in-a-sack,,Diary/052_Iran_in_a_sack.html
Landie.JPG,Landie,2009-06-30,053-drying-out,,Diary/053_drying_out.html
Mamood.JPG,Mamood,2009-06-30,053-drying-out,,Diary/053_drying_out.html
Yazd Horny Devil.JPG,Yazd Horny Devil,2009-06-30,053-drying-out,,Diary/053_drying_out.html
elgoli.JPG,elgoli,2009-06-30,053-drying-out,,Diary/053_drying_out.html
wildcampe.JPG,wildcampe,2009-06-30,053-drying-out,,Diary/053_drying_out.html
wildwoman.JPG,wildwoman,2009-06-30,053-drying-out,,Diary/053_drying_out.html
Baku Ferry.JPG,Baku Ferry,2009-07-11,054-quick-catch-upt,,Diary/054_quick_catch_upt.html
Citreons.JPG,Citreons,2009-07-11,054-quick-catch-upt,,Diary/054_quick_catch_upt.html
Drunks.JPG,Drunks,2009-07-11,054-quick-catch-upt,,Diary/054_quick_catch_upt.html
Esfahan.JPG,Esfahan,2009-07-11,054-quick-catch-upt,,Diary/054_quick_catch_upt.html
Ferry Posse.JPG,Ferry Posse,2009-07-11,054-quick-catch-upt,,Diary/054_quick_catch_upt.html
King.JPG,King,2009-07-11,054-quick-catch-upt,,Diary/054_quick_catch_upt.html
Pesepholis.JPG,Pesepholis,2009-07-11,054-quick-catch-upt,,Diary/054_quick_catch_upt.html
Sunset.JPG,Sunset,2009-07-11,054-quick-catch-upt,,Diary/054_quick_catch_upt.html
Vodka.JPG,Vodka,2009-07-11,054-quick-catch-upt,,Diary/054_quick_catch_upt.html
Yazd Sunset.JPG,Yazd Sunset,2009-07-11,054-quick-catch-upt,,Diary/054_quick_catch_upt.html
lighthouse_test.jpg,lighthouse test,2009-07-11,054-quick-catch-upt,,Diary/054_quick_catch_upt.html
violin.JPG,violin,2009-07-11,054-quick-catch-upt,,Diary/054_quick_catch_upt.html
Andrea.JPG,Andrea,2009-07-24,055-one-russell-cleasby,,Diary/055_one_russell_cleasby.html
Cake Eater.JPG,Cake Eater,2009-07-24,055-one-russell-cleasby,,Diary/055_one_russell_cleasby.html
Dangerous Stuff.JPG,Dangerous Stuff,2009-07-24,055-one-russell-cleasby,,Diary/055_one_russell_cleasby.html
Dinner.JPG,Dinner,2009-07-24,055-one-russell-cleasby,,Diary/055_one_russell_cleasby.html
Khiva Chimney.JPG,Khiva Chimney,2009-07-24,055-one-russell-cleasby,,Diary/055_one_russell_cleasby.html
Khiva Cityscape.JPG,Khiva Cityscape,2009-07-24,055-one-russell-cleasby,,Diary/055_one_russell_cleasby.html
Khiva Wall.JPG,Khiva Wall,2009-07-24,055-one-russell-cleasby,,Diary/055_one_russell_cleasby.html
Russ in Uzbek Hospital.JPG,Russ in Uzbek Hospital,2009-07-24,055-one-russell-cleasby,,Diary/055_one_russell_cleasby.html
Tajikistan Hills.JPG,Tajikistan Hills,2009-07-24,055-one-russell-cleasby,,Diary/055_one_russell_cleasby.html
Yurt Girls.JPG,Yurt Girls,2009-07-24,055-one-russell-cleasby,,Diary/055_one_russell_cleasby.html
bread.JPG,bread,2009-07-24,055-one-russell-cleasby,,Diary/055_one_russell_cleasby.html
Afghan market.JPG,Afghan market,2009-08-07,056-mountain-madness-part-1,,Diary/056_mountain_madness_part_1.html
Big Bike.JPG,Big Bike,2009-08-07,056-mountain-madness-part-1,,Diary/056_mountain_madness_part_1.html
Exploded Road.JPG,Exploded Road,2009-08-07,056-mountain-madness-part-1,,Diary/056_mountain_madness_part_1.html
Iskanderkul.JPG,Iskanderkul,2009-08-07,056-mountain-madness-part-1,,Diary/056_mountain_madness_part_1.html
Jenny Garlic.JPG,Jenny Garlic,2009-08-07,056-mountain-madness-part-1,,Diary/056_mountain_madness_part_1.html
Kyrgyz Girl.JPG,Kyrgyz Girl,2009-08-07,056-mountain-madness-part-1,,Diary/056_mountain_madness_part_1.html
Polka.JPG,Polka,2009-08-07,056-mountain-madness-part-1,,Diary/056_mountain_madness_part_1.html
Russes Bike.JPG,Russes Bike,2009-08-07,056-mountain-madness-part-1,,Diary/056_mountain_madness_part_1.html
Tajik Traffic Jam.JPG,Tajik Traffic Jam,2009-08-07,056-mountain-madness-part-1,,Diary/056_mountain_madness_part_1.html
VSO.JPG,VSO,2009-08-07,056-mountain-madness-part-1,,Diary/056_mountain_madness_part_1.html
high road.JPG,high road,2009-08-07,056-mountain-madness-part-1,,Diary/056_mountain_madness_part_1.html
yurt doc.JPG,yurt doc,2009-08-07,056-mountain-madness-part-1,,Diary/056_mountain_madness_part_1.html
Bloody Hell.jpg,Bloody Hell,2009-08-15,057-mountain-madness-part-2,,Diary/057_mountain_madness_part_2.html
Bride Oclock.jpg,Bride Oclock,2009-08-15,057-mountain-madness-part-2,,Diary/057_mountain_madness_part_2.html
Bridge Abduction.jpg,Bridge Abduction,2009-08-15,057-mountain-madness-part-2,,Diary/057_mountain_madness_part_2.html
CBT Buses.JPG,CBT Buses,2009-08-15,057-mountain-madness-part-2,,Diary/057_mountain_madness_part_2.html
Coin Grabbing.JPG,Coin Grabbing,2009-08-15,057-mountain-madness-part-2,,Diary/057_mountain_madness_part_2.html
Inside Yurt.JPG,Inside Yurt,2009-08-15,057-mountain-madness-part-2,,Diary/057_mountain_madness_part_2.html
YURTS.JPG,YURTS,2009-08-15,057-mountain-madness-part-2,,Diary/057_mountain_madness_part_2.html
american hitchers.JPG,american hitchers,2009-08-15,057-mountain-madness-part-2,,Diary/057_mountain_madness_part_2.html
wrestling.jpg,wrestling,2009-08-15,057-mountain-madness-part-2,,Diary/057_mountain_madness_part_2.html
Eagle.JPG,Eagle,2009-09-01,058-mountain-madness-part-3,,Diary/058_mountain_madness_part_3.html
gimp.JPG,gimp,2009-09-01,058-mountain-madness-part-3,,Diary/058_mountain_madness_part_3.html
greenlane.JPG,greenlane,2009-09-01,058-mountain-madness-part-3,,Diary/058_mountain_madness_part_3.html
honey.JPG,honey,2009-09-01,058-mountain-madness-part-3,,Diary/058_mountain_madness_part_3.html
madcows.jpg,madcows,2009-09-01,058-mountain-madness-part-3,,Diary/058_mountain_madness_part_3.html
posse.jpg,posse,2009-09-01,058-mountain-madness-part-3,,Diary/058_mountain_madness_part_3.html
song kol.JPG,song kol,2009-09-01,058-mountain-madness-part-3,,Diary/058_mountain_madness_part_3.html
switchback.jpg,switchback,2009-09-01,058-mountain-madness-part-3,,Diary/058_mountain_madness_part_3.html
views.jpg,views,2009-09-01,058-mountain-madness-part-3,,Diary/058_mountain_madness_part_3.html
waterful.JPG,waterful,2009-09-01,058-mountain-madness-part-3,,Diary/058_mountain_madness_part_3.html
chairman.jpg,chairman,2009-09-02,059-crazy-china,,Diary/059_crazy_china.html
desert_resort.jpg,desert resort,2009-09-02,059-crazy-china,,Diary/059_crazy_china.html
glacial_resort.JPG,glacial resort,2009-09-02,059-crazy-china,,Diary/059_crazy_china.html
jy.jpg,jy,2009-09-02,059-crazy-china,,Diary/059_crazy_china.html
mountain.jpg,mountain,2009-09-02,059-crazy-china,,Diary/059_crazy_china.html
snakes.jpg,snakes,2009-09-02,059-crazy-china,,Diary/059_crazy_china.html
spice.jpg,spice,2009-09-02,059-crazy-china,,Diary/059_crazy_china.html
xingjang.jpg,xingjang,2009-09-02,059-crazy-china,,Diary/059_crazy_china.html
Pakistani_road.jpg,Pakistani road,2009-09-15,060-pakistani-smiles,,Diary/060_pakistani_smiles.html
basecamp.jpg,basecamp,2009-09-15,060-pakistani-smiles,,Diary/060_pakistani_smiles.html
jen_shalwa.jpg,jen shalwa,2009-09-15,060-pakistani-smiles,,Diary/060_pakistani_smiles.html
moody.jpg,moody,2009-09-15,060-pakistani-smiles,,Diary/060_pakistani_smiles.html
old_shalwa.jpg,old shalwa,2009-09-15,060-pakistani-smiles,,Diary/060_pakistani_smiles.html
porters.jpg,porters,2009-09-15,060-pakistani-smiles,,Diary/060_pakistani_smiles.html
river_crossing.JPG,river crossing,2009-09-15,060-pakistani-smiles,,Diary/060_pakistani_smiles.html
the_happy_couple.jpg,the happy couple,2009-09-15,060-pakistani-smiles,,Diary/060_pakistani_smiles.html
wow.jpg,wow,2009-09-15,060-pakistani-smiles,,Diary/060_pakistani_smiles.html
expenses.jpg,expenses,2009-09-24,061-on-the-road-expenses,,Diary/061_on_the_road_expenses.html
bag.jpg,bag,2009-09-29,062-sober-reflection,,Diary/062_sober_reflection.html
bedollie.jpg,bedollie,2009-09-29,062-sober-reflection,,Diary/062_sober_reflection.html
carwas.jpg,carwas,2009-09-29,062-sober-reflection,,Diary/062_sober_reflection.html
fort.jpg,fort,2009-09-29,062-sober-reflection,,Diary/062_sober_reflection.html
serivce.jpg,serivce,2009-09-29,062-sober-reflection,,Diary/062_sober_reflection.html
suspension_bridge.jpg,suspension bridge,2009-09-29,062-sober-reflection,,Diary/062_sober_reflection.html
trucks.jpg,trucks,2009-09-29,062-sober-reflection,,Diary/062_sober_reflection.html
clean_dino.jpg,clean dino,2009-10-07,063-the-tao-of-dino,,Diary/063_The_Tao_of_Dino.html
dave_pump.jpg,dave pump,2009-10-07,063-the-tao-of-dino,,Diary/063_The_Tao_of_Dino.html
bbfatima.JPG,bbfatima,2009-10-30,064-bam-bam,,Diary/064_BAM_BAM.html
scan.jpg,scan,2009-10-30,064-bam-bam,,Diary/064_BAM_BAM.html
camel.jpg,camel,2009-11-08,065-hindustan-zindabad,,Diary/065_Hindustan_zindabad.html
clinic.jpg,clinic,2009-11-08,065-hindustan-zindabad,,Diary/065_Hindustan_zindabad.html
golden_temple.jpg,golden temple,2009-11-08,065-hindustan-zindabad,,Diary/065_Hindustan_zindabad.html
indian_guard.jpg,indian guard,2009-11-08,065-hindustan-zindabad,,Diary/065_Hindustan_zindabad.html
prayer_wheels.jpg,prayer wheels,2009-11-08,065-hindustan-zindabad,,Diary/065_Hindustan_zindabad.html
ritz_pool.jpg,ritz pool,2009-11-08,065-hindustan-zindabad,,Diary/065_Hindustan_zindabad.html
shiva.jpg,shiva,2009-11-08,065-hindustan-zindabad,,Diary/065_Hindustan_zindabad.html
tibetan_art.jpg,tibetan art,2009-11-08,065-hindustan-zindabad,,Diary/065_Hindustan_zindabad.html
Goa.JPG,Goa,2009-11-17,066-sprint-to-goa,,Diary/066_sprint_to_Goa.html
canyon.jpg,canyon,2009-11-17,066-sprint-to-goa,,Diary/066_sprint_to_Goa.html
church.jpg,church,2009-11-17,066-sprint-to-goa,,Diary/066_sprint_to_Goa.html
clubhouse.jpg,clubhouse,2009-11-17,066-sprint-to-goa,,Diary/066_sprint_to_Goa.html
golf.jpg,golf,2009-11-17,066-sprint-to-goa,,Diary/066_sprint_to_Goa.html
happy couple.jpg,happy couple,2009-11-17,066-sprint-to-goa,,Diary/066_sprint_to_Goa.html
haridwar1.JPG,haridwar1,2009-11-17,066-sprint-to-goa,,Diary/066_sprint_to_Goa.html
haridwar2.JPG,haridwar2,2009-11-17,066-sprint-to-goa,,Diary/066_sprint_to_Goa.html
mainstreet.jpg,mainstreet,2009-11-17,066-sprint-to-goa,,Diary/066_sprint_to_Goa.html
people.jpg,people,2009-11-17,066-sprint-to-goa,,Diary/066_sprint_to_Goa.html
postoffice.jpg,postoffice,2009-11-17,066-sprint-to-goa,,Diary/066_sprint_to_Goa.html
trees.jpg,trees,2009-11-17,066-sprint-to-goa,,Diary/066_sprint_to_Goa.html
goan_mini_meet.jpg,goan mini meet,2009-11-26,067-all-good-things,,Diary/067_all_good_things.html
mooo.jpg,mooo,2009-11-26,067-all-good-things,,Diary/067_all_good_things.html
wierdos.jpg,wierdos,2009-11-26,067-all-good-things,,Diary/067_all_good_things.html
Birdie.JPG,Birdie,2010-03-21,068-everybody-needs-good-neighbours,,Diary/068_everybody_needs_good_neighbours.html
Jolly.JPG,Jolly,2010-03-21,068-everybody-needs-good-neighbours,,Diary/068_everybody_needs_good_neighbours.html
Ollie and Jenny.jpg,Ollie and Jenny,2010-03-21,068-everybody-needs-good-neighbours,,Diary/068_everybody_needs_good_neighbours.html
Xmas.JPG,Xmas,2010-03-21,068-everybody-needs-good-neighbours,,Diary/068_everybody_needs_good_neighbours.html
backwaters.JPG,backwaters,2010-03-21,068-everybody-needs-good-neighbours,,Diary/068_everybody_needs_good_neighbours.html
bucke.JPG,bucke,2010-03-21,068-everybody-needs-good-neighbours,,Diary/068_everybody_needs_good_neighbours.html
chef.JPG,chef,2010-03-21,068-everybody-needs-good-neighbours,,Diary/068_everybody_needs_good_neighbours.html
cock.JPG,cock,2010-03-21,068-everybody-needs-good-neighbours,,Diary/068_everybody_needs_good_neighbours.html
dive.JPG,dive,2010-03-21,068-everybody-needs-good-neighbours,,Diary/068_everybody_needs_good_neighbours.html
family christmas.JPG,family christmas,2010-03-21,068-everybody-needs-good-neighbours,,Diary/068_everybody_needs_good_neighbours.html
mahoots.JPG,mahoots,2010-03-21,068-everybody-needs-good-neighbours,,Diary/068_everybody_needs_good_neighbours.html
4x4africa.jpg,4x4africa,,,,Links/Links.htm
ASTL0001.gif,ASTL0001,,,,Route/Route 1.htm
Bear_in_Romania.jpg,Bear in Romania,,038-happy-christmas-2008,,Diary/038_Happy_Christmas_2008.html
Bottom Radiator Hose.jpg,Bottom Radiator Hose,,,,Parts/2 Bottom radiator hose.html
CAMB0001.gif,CAMB0001,,,,Route/Route 1.htm
CHIN0001.gif,CHIN0001,,,,Route/Route 1.htm
Czech Rep2.gif,Czech Rep2,,,,Route/Countries/Europe/Czech Rep.html
DSC02203.JPG,,,,,Photo Albums/Jollyfollies 2.0/Reading Half Marathon 2006/album/index.html
DSC02204.JPG,,,,,Photo Albums/Jollyfollies 2.0/Reading Half Marathon 2006/album/index.html
DSC02205.JPG,,,,,Photo Albums/Jollyfollies 2.0/Reading Half Marathon 2006/album/index.html
DSC02206.JPG,,,,,Photo Albums/Jollyfollies 2.0/Reading Half Marathon 2006/album/index.html
DSC02207.JPG,,,,,Photo Albums/Jollyfollies 2.0/Reading Half Marathon 2006/album/index.html
DSC02209.JPG,,,,,Photo Albums/Jollyfollies 2.0/Reading Half Marathon 2006/album/index.html
DSC02211.JPG,,,,,Photo Albums/Jollyfollies 2.0/Reading Half Marathon 2006/album/index.html
DSC02212.JPG,,,,,Photo Albums/Jollyfollies 2.0/Reading Half Marathon 2006/album/index.html
DSC02213.JPG,,,,,Photo Albums/Jollyfollies 2.0/Reading Half Marathon 2006/album/index.html
DSC02645.JPG,,,,,Route/Countries/Estonia.html
DSC02685.JPG,,,,,Photo Albums/Jollyfollies 2.0/Parts List/album/index.html
DSC02686.JPG,,,,,Photo Albums/Jollyfollies 2.0/Parts List/album/index.html
DSC02687.JPG,,,,,Photo Albums/Jollyfollies 2.0/Parts List/album/index.html
DSC02689.JPG,,,,,Photo Albums/Jollyfollies 2.0/Parts List/album/index.html
DSC02690.JPG,,,,,Photo Albums/Jollyfollies 2.0/Parts List/album/index.html
DSC02691.JPG,,,,,Photo Albums/Jollyfollies 2.0/Parts List/album/index.html
DSC02692.JPG,,,,,Photo Albums/Jollyfollies 2.0/Parts List/album/index.html
DSC02693.JPG,,,,,Photo Albums/Jollyfollies 2.0/Parts List/album/index.html
DSC02694.JPG,,,,,Photo Albums/Jollyfollies 2.0/Parts List/album/index.html
DSC02695.JPG,,,,,Photo Albums/Jollyfollies 2.0/Parts List/album/index.html
DSC02696.JPG,,,,,Photo Albums/Jollyfollies 2.0/Parts List/album/index.html
DSC02697.JPG,,,,,Photo Albums/Jollyfollies 2.0/Parts List/album/index.html
DSC02698.JPG,,,,,Photo Albums/Jollyfollies 2.0/Parts List/album/index.html
DSC02699.JPG,,,,,Photo Albums/Jollyfollies 2.0/Parts List/album/index.html
DSC02700.JPG,,,,,Photo Albums/Jollyfollies 2.0/Parts List/album/index.html
DSC02725.JPG,,,,,Gallery/Gallery.html
DSC02727.JPG,,,,,Photo Albums/Jollyfollies 2.0/New Forest Half Marathon/album/index.html
DSC02728.JPG,,,,,Photo Albums/Jollyfollies 2.0/New Forest Half Marathon/album/index.html
DSC02729.JPG,,,,,Photo Albums/Jollyfollies 2.0/New Forest Half Marathon/album/index.html
DSC02730.JPG,,,,,Photo Albums/Jollyfollies 2.0/New Forest Half Marathon/album/index.html
DSC02731.JPG,,,,,Photo Albums/Jollyfollies 2.0/New Forest Half Marathon/album/index.html
DSC02732.JPG,,,,,Photo Albums/Jollyfollies 2.0/New Forest Half Marathon/album/index.html
DSC02733.JPG,,,,,Photo Albums/Jollyfollies 2.0/New Forest Half Marathon/album/index.html
DSC02734.JPG,,,,,Photo Albums/Jollyfollies 2.0/New Forest Half Marathon/album/index.html
DSC02736.JPG,,,,,Photo Albums/Jollyfollies 2.0/New Forest Half Marathon/album/index.html
DSC02737.JPG,,,,,Photo Albums/Jollyfollies 2.0/New Forest Half Marathon/album/index.html
DSC02738.JPG,,,,,Photo Albums/Jollyfollies 2.0/New Forest Half Marathon/album/index.html
DSC02739.JPG,,,,,Photo Albums/Jollyfollies 2.0/New Forest Half Marathon/album/index.html
DSC02740.JPG,,,,,Photo Albums/Jollyfollies 2.0/New Forest Half Marathon/album/index.html
DSC02741.JPG,,,,,Photo Albums/Jollyfollies 2.0/New Forest Half Marathon/album/index.html
ESTN0001.gif,ESTN0001,,,,Route/Route 1.htm
Engel.jpg,Engel,,,,Reviews/Kit.html
Estonia.gif,Estonia,,,,Route/Countries/Estonia.html
Finland.gif,Finland,,,,Route/Countries/Finland.html
Fred_and_Wilma-750860.jpg,Fred and Wilma-750860,,,,blog/blogfile.html
Fred_and_Wilma-760479.jpg,Fred and Wilma-760479,,,,blog/blogfile.html
GERM0001.gif,GERM0001,,,,Route/Route 1.htm
Holland.gif,Holland,,,,Route/Countries/Holland.html
INDN0001.gif,INDN0001,,,,Route/Route 1.htm
IRAN0001.gif,IRAN0001,,,,Route/Route 1.htm
Jenny Crab.jpg,Jenny Crab,,,,About Us/About Us.htm
Jenny Richard and Dino.jpg,Jenny Richard and Dino,,,,Photo Albums/Dino Photos/photos/photo_1.html
Jenny Roof Tent.jpg,Jenny Roof Tent,,,,Photo Albums/Dino Photos/photos/photo_4.html
Jenny in Back of Dino.jpg,Jenny in Back of Dino,,,,Photo Albums/Dino Photos/photos/photo_8.html
Jenny%20Crab.jpg,Jenny%20Crab,,,,About Us.htm
KAZK0001.gif,KAZK0001,,,,Route/Route 1.htm
KYRG0001.gif,KYRG0001,,,,Route/Route 1.htm
Kit and Dino.jpg,Kit and Dino,,,,Photo Albums/Dino Photos/photos/photo_5.html
LAOS0001.gif,LAOS0001,,,,Route/Route 1.htm
LATV0001.gif,LATV0001,,,,Route/Route 1.htm
LITH0001.gif,LITH0001,,,,Route/Route 1.htm
LOOX.jpg,LOOX,,,,Reviews/Kit.html
Latvia.gif,Latvia,,,,Route/Countries/Latvia.htm
MALS0001.gif,MALS0001,,,,Route/Route 1.htm
NETH0001.gif,NETH0001,,,,Route/Route 1.htm
Ollie and Dino Growling front.jpg,Ollie and Dino Growling front,,,,Photo Albums/Dino Photos/photos/photo_3.html
Ollie on Ladder.jpg,Ollie on Ladder,,,,Photo Albums/Dino Photos/photos/photo_6.html
Ollie%20and%20Dino%20Growling%20front.jpg,Ollie%20and%20Dino%20Growling%20front,,,,index.html
OlliePose2.jpg,OlliePose2,,,,About Us.htm
PAKS0001.gif,PAKS0001,,,,Route/Route 1.htm
POLA0001.gif,POLA0001,,,,Route/Route 1.htm
RUSS0001.gif,RUSS0001,,,,Route/Route 1.htm
Review_Home_f2.gif,Review Home f2,,,,Reviews/Kit.html
Reviews Top.gif,Reviews Top,,,,Route/Countries/Europe/Sweden.html
Route Map.gif,Route Map,,,,Route/Route.htm
Route%20Map.gif,Route%20Map,,,,Route.htm
SING0001.gif,SING0001,,,,Route/Route 1.htm
Side of Roof Tent.jpg,Side of Roof Tent,,,,Photo Albums/Dino Photos/photos/photo_7.html
Sponsors Top.gif,Sponsors Top,,,,Route/Countries/Europe/Sweden.html
Sweden.gif,Sweden,,,,Route/Countries/Sweden.html
TAJK0001.gif,TAJK0001,,,,Route/Route 1.htm
THAL0001.gif,THAL0001,,,,Route/Route 1.htm
TKST0001.gif,TKST0001,,,,Route/Route 1.htm
Travel_towel.jpg,Travel towel,,,,Reviews/Kit.html
UK.gif,UK,,,,UK.html
UNKG0001.gif,UNKG0001,,,,Route/Route 1.htm
UZBK0001.gif,UZBK0001,,,,Route/Route 1.htm
Vehicle_f2.gif,Vehicle f2,,,,Route/Route 2.htm
Waeco.jpg,Waeco,,,,Reviews/Kit.html
abongointhebackground.jpg,abongointhebackground,,,,Photo Albums/Jollyfollies 2.0/Salisbury/album/index.html
abridge.jpg,abridge,,,,Photo Albums/Jollyfollies 2.0/Shakedown to Iberia/album/index.html
actionoutdoors.jpg,actionoutdoors,,,,Links/Links.htm
africaodd.jpg,africaodd,,,,Links/Links.htm
africaoverland.jpg,africaoverland,,,,Links/Links.htm
afritrex.gif,afritrex,,,,Links/Links.htm
airfilterchange.jpg,airfilterchange,,,,Photo Albums/Jollyfollies 2.0/12k Service/12k Service/index.html
airfilteropen.jpg,airfilteropen,,,,Photo Albums/Jollyfollies 2.0/Cornwall/album/index.html
alittlebitofcheeseandwinesir.jpg,alittlebitofcheeseandwinesir,,,,Photo Albums/Jollyfollies 2.0/Shakedown to Iberia/album/index.html
anicegraveltrack.jpg,anicegraveltrack,,,,Photo Albums/Jollyfollies 2.0/Salisbury/album/index.html
antics.gif,antics,,,,Links/Links.htm
antipodeanadventure.gif,antipodeanadventure,,,,Links/Links.htm
anyiajoinsjennyandjulia.jpg,anyiajoinsjennyandjulia,,,,Photo Albums/Jollyfollies 2.0/Grim 8 2007/index.html
awning.jpg,awning,,,,Vehicle/awning.html
axim.jpg,axim,,,,Reviews/Kit.html
back_view.jpg,back view,,,,Vehicle/Landy_Guide_Back.html
backview.jpg,backview,,,,Photo Albums/Jollyfollies 2.0/Grim 8 2007/index.html
backwards.jpg,backwards,,,,Photo Albums/Jollyfollies 2.0/12k Service/12k Service/index.html
battery_charger.jpg,battery charger,,,,Reviews/Kit.html
bbq.jpg,bbq,,,,Reviews/Kit.html
beastcollage.jpg,beastcollage,,,,Links/Links.htm
bigpuddle.jpg,bigpuddle,,,,Photo Albums/Jollyfollies 2.0/Seven Sisters/album/index2.html
bobcatinthewater.jpg,bobcatinthewater,,,,Photo Albums/Jollyfollies 2.0/Seven Sisters/album/index2.html
brrmbrrm.jpg,brrmbrrm,,,,Photo Albums/Jollyfollies 2.0/12k Service/12k Service/index.html
campsiteinthedordogne.jpg,campsiteinthedordogne,,,,Photo Albums/Jollyfollies 2.0/Shakedown to Iberia/album/index.html
canoe.jpg,canoe,,,,Reviews/Kit.html
christmas_tree_1.jpg,christmas tree 1,,038-happy-christmas-2008,,Diary/038_Happy_Christmas_2008.html
closeup.jpg,closeup,,,,Photo Albums/Jollyfollies 2.0/Grim 8 2007/index.html
crash.jpg,crash,,,,Photo Albums/Jollyfollies 2.0/12k Service/12k Service/index.html
dave.jpg,dave,,,,Photo Albums/Jollyfollies 2.0/Mechanics Course/album/index.html
dinocomesdown.jpg,dinocomesdown,,,,Photo Albums/Jollyfollies 2.0/Mechanics Course/album/index.html
dinopinklandyandunimog.jpg,dinopinklandyandunimog,,,,Photo Albums/Jollyfollies 2.0/12k Service/12k Service/index.html
dinosbroken.jpg,dinosbroken,,,,Photo Albums/Jollyfollies 2.0/Cornwall/album/index.html
dinotakesprideofplace.jpg,dinotakesprideofplace,,,,Photo Albums/Jollyfollies 2.0/Mechanics Course/album/index.html
doingthewashing.jpg,doingthewashing,,,,Photo Albums/Jollyfollies 2.0/Shakedown to Iberia/album/index.html
dordoigne.jpg,dordoigne,,,,Reviews/Other_Places.html
doyoutrustme.jpg,doyoutrustme,,,,Photo Albums/Jollyfollies 2.0/12k Service/12k Service/index.html
drivetooz.jpg,drivetooz,,,,Links/Links.htm
driving_miss_daisy.gif,driving miss daisy,,,,Links/Links.htm
dust.jpg,dust,,,,Photo Albums/Jollyfollies 2.0/Salisbury/album/index.html
empty.gif,empty,,,,Photo Albums/Jollyfollies 2.0/Playing with Dino/album/slides/Jenny Richard and Dino.html
enginebay.jpg,enginebay,,,,Photo Albums/Jollyfollies 2.0/Mechanics Course/album/index.html
everyonebarollie.jpg,everyonebarollie,,,,Photo Albums/Jollyfollies 2.0/Salisbury/album/index.html
expedition4x4.gif,expedition4x4,,,,Links/Links.htm
eyesclosed.jpg,eyesclosed,,,,Photo Albums/Jollyfollies 2.0/12k Service/12k Service/index.html
first.gif,first,,,,Photo Albums/Jollyfollies 2.0/12k Service/12k Service/slides/airfilterchange.html
first_disabled.gif,first disabled,,,,Photo Albums/Jollyfollies 2.0/12k Service/12k Service/index.html
fixingthespotlights.jpg,fixingthespotlights,,,,Photo Albums/Jollyfollies 2.0/Cornwall/album/index.html
flags.jpg,flags,,,,Links/Links.htm
foleys.jpg,foleys,,,,Links/Links.htm
followthatlandy.jpg,followthatlandy,,,,Photo Albums/Jollyfollies 2.0/Salisbury/album/index.html
front_view.jpg,front view,,,,Vehicle/Landy_Guide_Front.html
fullup.jpg,fullup,,,,Photo Albums/Jollyfollies 2.0/Shakedown to Iberia/album/index.html
handyoilthing.jpg,handyoilthing,,,,Photo Albums/Jollyfollies 2.0/12k Service/12k Service/index.html
hard_disk.jpg,hard disk,,,,Reviews/Kit.html
hasps.jpg,hasps,,,,Vehicle/hasps.html
homeandtheincinerator.jpg,homeandtheincinerator,,,,Photo Albums/Jollyfollies 2.0/xmas2007/index.html
horse2.jpg,horse2,,,,Photo Albums/Jollyfollies 2.0/xmas2007/index.html
horse3.jpg,horse3,,,,Photo Albums/Jollyfollies 2.0/xmas2007/index.html
horse4.jpg,horse4,,,,Photo Albums/Jollyfollies 2.0/xmas2007/index.html
horse5.jpg,horse5,,,,Photo Albums/Jollyfollies 2.0/xmas2007/index.html
howdeep.jpg,howdeep,,,,Photo Albums/Jollyfollies 2.0/Salisbury/album/index.html
hubb.jpg,hubb,,,,Links/Links.htm
husbandandwife.jpg,husbandandwife,,,,Photo Albums/Jollyfollies 2.0/Shakedown to Iberia/album/index.html
ibex.jpg,ibex,,,,Photo Albums/Jollyfollies 2.0/Seven Sisters/album/index2.html
ihana.jpg,ihana,,,,Links/Links.htm
index.gif,index,,,,Photo Albums/Jollyfollies 2.0/12k Service/12k Service/slides/airfilterchange.html
info_disabled.gif,info disabled,,,,Photo Albums/Jollyfollies 2.0/12k Service/12k Service/slides/airfilterchange.html
isitafricaorsalisbury.jpg,isitafricaorsalisbury,,,,Photo Albums/Jollyfollies 2.0/Salisbury/album/index.html
isthatadiffguardbeforeme.jpg,isthatadiffguardbeforeme,,,,Photo Albums/Jollyfollies 2.0/Mechanics Course/album/index.html
itchy.jpg,itchy,,,,Links/Links.htm
jennyandjuliaposing.jpg,jennyandjuliaposing,,,,Photo Albums/Jollyfollies 2.0/Grim 8 2007/index.html
jennyinhammock.jpg,jennyinhammock,,,,Photo Albums/Jollyfollies 2.0/xmas2007/index.html
jennypractising.jpg,jennypractising,,,,Photo Albums/Jollyfollies 2.0/xmas2007/index.html
jennyremovesoilfilter.jpg,jennyremovesoilfilter,,,,Photo Albums/Jollyfollies 2.0/Mechanics Course/album/index.html
jennysdomain.jpg,jennysdomain,,,,Photo Albums/Jollyfollies 2.0/Cornwall/album/index.html
joggle_blog.gif,joggle blog,,,,JOGLE/jogle_home.html
jungle.jpg,jungle,,,,Links/Links.htm
kellykettle.jpg,kellykettle,,,,Photo Albums/Jollyfollies 2.0/Shakedown to Iberia/album/index.html
laang.jpg,laang,,,,Links/Links.htm
landroveradventure.gif,landroveradventure,,,,Links/Links.htm
landy%20expedition.jpg,landy%20expedition,,,,Vehicle.htm
landyman.jpg,landyman,,,,Links/Links.htm
laptop.jpg,laptop,,,,Reviews/Kit.html
last.gif,last,,,,Photo Albums/Jollyfollies 2.0/12k Service/12k Service/index.html
last_disabled.gif,last disabled,,,,Photo Albums/Jollyfollies 2.0/Seven Sisters/album/index2.html
leatherman.jpg,leatherman,,,,Reviews/Kit.html
lizaintheback.jpg,lizaintheback,,,,Photo Albums/Jollyfollies 2.0/Ireland/album/index.html
londontosydney.jpg,londontosydney,,,,Links/Links.htm
lonewolf.jpg,lonewolf,,,,Links/Links.htm
longroadtripsouth.gif,longroadtripsouth,,,,Links/Links.htm
lovelyday.jpg,lovelyday,,,,Photo Albums/Jollyfollies 2.0/Grim 8 2007/index.html
lrac.gif,lrac,,,,Links/Links.htm
lre.png,lre,,,,Links/Links.htm
makingsupper.jpg,makingsupper,,,,Photo Albums/Jollyfollies 2.0/Ireland/album/index.html
mensleader.jpg,mensleader,,,,Photo Albums/Jollyfollies 2.0/Grim 8 2007/index.html
mikebeckyandbobcat.jpg,mikebeckyandbobcat,,,,Photo Albums/Jollyfollies 2.0/Seven Sisters/album/index2.html
milepuddle.jpg,milepuddle,,,,Photo Albums/Jollyfollies 2.0/Grim 8 2007/index.html
milesfromthenearervillage.jpg,milesfromthenearervillage,,,,Photo Albums/Jollyfollies 2.0/Salisbury/album/index.html
moreeating.jpg,moreeating,,,,Photo Albums/Jollyfollies 2.0/Shakedown to Iberia/album/index.html
muddystuff.jpg,muddystuff,,,,Photo Albums/Jollyfollies 2.0/12k Service/12k Service/index.html
natluna.gif,natluna,,,,Links/Links.htm
nearlythere.jpg,nearlythere,,,,Photo Albums/Jollyfollies 2.0/Seven Sisters/album/index2.html
nessie.jpg,nessie,,,,Links/Links.htm
next.gif,next,,,,Photo Albums/Jollyfollies 2.0/12k Service/12k Service/index.html
next_disabled.gif,next disabled,,,,Photo Albums/Jollyfollies 2.0/Seven Sisters/album/index2.html
nickandvickandstick.jpg,nickandvickandstick,,,,Photo Albums/Jollyfollies 2.0/Salisbury/album/index.html
nickandvickshowtheway.jpg,nickandvickshowtheway,,,,Photo Albums/Jollyfollies 2.0/Salisbury/album/index.html
normandybeaches.jpg,normandybeaches,,,,Photo Albums/Jollyfollies 2.0/Shakedown to Iberia/album/index.html
notebook_bbq_small.jpg,notebook bbq small,,,,Reviews/Kit.html
offwego.jpg,offwego,,,,Photo Albums/Jollyfollies 2.0/Salisbury/album/index.html
oil.jpg,oil,,,,Photo Albums/Jollyfollies 2.0/Mechanics Course/album/index.html
oily.jpg,oily,,,,Photo Albums/Jollyfollies 2.0/12k Service/12k Service/index.html
ollie_coat.jpg,ollie coat,,,,Reviews/Kit.html
ollieandjuliaposing.jpg,ollieandjuliaposing,,,,Photo Albums/Jollyfollies 2.0/Grim 8 2007/index.html
ollieandjuliatryingtolookhappy.jpg,ollieandjuliatryingtolookhappy,,,,Photo Albums/Jollyfollies 2.0/Grim 8 2007/index.html
ollieandmount.jpg,ollieandmount,,,,Photo Albums/Jollyfollies 2.0/Shakedown to Iberia/album/index.html
olliesgone.jpg,olliesgone,,,,Photo Albums/Jollyfollies 2.0/Cornwall/album/index.html
olliesitting.jpg,olliesitting,,,,Photo Albums/Jollyfollies 2.0/xmas2007/index.html
olliessicknote.jpg,olliessicknote,,,,Photo Albums/Jollyfollies 2.0/Grim 8 2007/index.html
ollieteststhehammock.jpg,ollieteststhehammock,,,,Photo Albums/Jollyfollies 2.0/xmas2007/index.html
onefarttoomany.jpg,onefarttoomany,,,,Photo Albums/Jollyfollies 2.0/12k Service/12k Service/index.html
ourcamp.jpg,ourcamp,,,yes,Photo Albums/Jollyfollies 2.0/Shakedown to Iberia/album/index.html
overland.jpg,overland,,,,Links/Links.htm
overlandtooz.gif,overlandtooz,,,,Links/Links.htm
paul.jpg,paul,,,,Links/Links.htm
pda_charger.jpg,pda charger,,,,Reviews/Kit.html
penwith4x4.jpg,penwith4x4,,,,Links/Links.htm
pinkdinoandmog.jpg,pinkdinoandmog,,,,Photo Albums/Jollyfollies 2.0/12k Service/12k Service/index.html
portugeuselakedistict.jpg,portugeuselakedistict,,,,Photo Albums/Jollyfollies 2.0/Shakedown to Iberia/album/index.html
previous.gif,previous,,,,Photo Albums/Jollyfollies 2.0/12k Service/12k Service/slides/airfilterchange.html
previous_disabled.gif,previous disabled,,,,Photo Albums/Jollyfollies 2.0/12k Service/12k Service/index.html
propandexhaustandstuff.jpg,propandexhaustandstuff,,,,Photo Albums/Jollyfollies 2.0/Mechanics Course/album/index.html
puttingnewarialin.jpg,puttingnewarialin,,,,Photo Albums/Jollyfollies 2.0/Cornwall/album/index.html
puttingupjennysxmaspresent.jpg,puttingupjennysxmaspresent,,,,Photo Albums/Jollyfollies 2.0/xmas2007/index.html
rearview.jpg,rearview,,,,Photo Albums/Jollyfollies 2.0/Seven Sisters/album/index2.html
roadtorecovery.jpg,roadtorecovery,,,,Links/Links.htm
rowinghome.jpg,rowinghome,,,,Photo Albums/Jollyfollies 2.0/xmas2007/index.html
shandyanddogs.jpg,shandyanddogs,,,,Photo Albums/Jollyfollies 2.0/Cornwall/album/index.html
shire.jpg,shire,,,,Links/Links.htm
shower.jpg,shower,,,,Reviews/Kit.html
solar_shower.jpg,solar shower,,,,Reviews/Kit.html
solent.jpg,solent,,,,Links/Links.htm
someunderbodyprotection.jpg,someunderbodyprotection,,,,Photo Albums/Jollyfollies 2.0/Mechanics Course/album/index.html
stanfords.jpg,stanfords,,,,Links/Links.htm
surplus.jpg,surplus,,,,Links/Links.htm
the5milepuddle.jpg,the5milepuddle,,,,Photo Albums/Jollyfollies 2.0/Grim 8 2007/index.html
thecamel.jpg,thecamel,,,,Photo Albums/Jollyfollies 2.0/Seven Sisters/album/index2.html
thedordogne.jpg,thedordogne,,,,Photo Albums/Jollyfollies 2.0/Shakedown to Iberia/album/index.html
thehelpers.jpg,thehelpers,,,,Gallery/Gallery.html
theoffendinguj.jpg,theoffendinguj,,,,Photo Albums/Jollyfollies 2.0/Cornwall/album/index.html
theotherside.jpg,theotherside,,,,Photo Albums/Jollyfollies 2.0/xmas2007/index.html
thepack.jpg,thepack,,,,Photo Albums/Jollyfollies 2.0/Seven Sisters/album/index2.html
thewifeandi.jpg,thewifeandi,,,,Photo Albums/Jollyfollies 2.0/xmas2007/index.html
thumb_DSC02685.JPG,thumb DSC02685,,,,Photo Albums/Landy Parts/index.html
thumb_DSC02686.JPG,thumb DSC02686,,,,Photo Albums/Landy Parts/index.html
thumb_DSC02687.JPG,thumb DSC02687,,,,Photo Albums/Landy Parts/index.html
thumb_DSC02689.JPG,thumb DSC02689,,,,Photo Albums/Landy Parts/index.html
thumb_DSC02690.JPG,thumb DSC02690,,,,Photo Albums/Landy Parts/index.html
thumb_DSC02691.JPG,thumb DSC02691,,,,Photo Albums/Landy Parts/index.html
thumb_DSC02692.JPG,thumb DSC02692,,,,Photo Albums/Landy Parts/index.html
thumb_DSC02693.JPG,thumb DSC02693,,,,Photo Albums/Landy Parts/index.html
thumb_DSC02694.JPG,thumb DSC02694,,,,Photo Albums/Landy Parts/index.html
thumb_DSC02695.JPG,thumb DSC02695,,,,Photo Albums/Landy Parts/index.html
thumb_DSC02696.JPG,thumb DSC02696,,,,Photo Albums/Landy Parts/index.html
thumb_DSC02697.JPG,thumb DSC02697,,,,Photo Albums/Landy Parts/index.html
thumb_DSC02698.JPG,thumb DSC02698,,,,Photo Albums/Landy Parts/index.html
thumb_DSC02699.JPG,thumb DSC02699,,,,Photo Albums/Landy Parts/index.html
thumb_DSC02700.JPG,thumb DSC02700,,,,Photo Albums/Landy Parts/index.html
thumb_DSC02701.JPG,thumb DSC02701,,,,Photo Albums/Landy Parts/index.html
thumb_DSC02702.JPG,thumb DSC02702,,,,Photo Albums/Landy Parts/index.html
thumb_DSC02703.JPG,thumb DSC02703,,,,Photo Albums/Landy Parts/index.html
thumb_DSC02704.JPG,thumb DSC02704,,,,Photo Albums/Landy Parts/index.html
thumb_DSC02705.JPG,thumb DSC02705,,,,Photo Albums/Landy Parts/index.html
thumb_Jenny Richard and Dino.jpg,thumb Jenny Richard and Dino,,,,Photo Albums/Dino Photos/index.html
thumb_Jenny Roof Tent.jpg,thumb Jenny Roof Tent,,,,Photo Albums/Dino Photos/index.html
thumb_Jenny in Back of Dino.jpg,thumb Jenny in Back of Dino,,,,Photo Albums/Dino Photos/index.html
thumb_Kit and Dino.jpg,thumb Kit and Dino,,,,Photo Albums/Dino Photos/index.html
thumb_Ollie and Dino Growling front.jpg,thumb Ollie and Dino Growling front,,,,Photo Albums/Dino Photos/index.html
thumb_Ollie on Ladder.jpg,thumb Ollie on Ladder,,,,Photo Albums/Dino Photos/index.html
thumb_Richard Shows Jenny.jpg,thumb Richard Shows Jenny,,,,Photo Albums/Dino Photos/index.html
thumb_Side of Roof Tent.jpg,thumb Side of Roof Tent,,,,Photo Albums/Dino Photos/index.html
thunderbirdfive.jpg,thunderbirdfive,,,,Photo Albums/Jollyfollies 2.0/xmas2007/index.html
tobyandwendy.jpg,tobyandwendy,,,,Photo Albums/Jollyfollies 2.0/12k Service/12k Service/index.html
tobyshowsjennyhowtouseatinopener.jpg,tobyshowsjennyhowtouseatinopener,,,,Photo Albums/Jollyfollies 2.0/12k Service/12k Service/index.html
toothbrush_holder.jpg,toothbrush holder,,,,Reviews/Kit.html
towingsomeoneoutwiththeshire.jpg,towingsomeoneoutwiththeshire,,,,Photo Albums/Jollyfollies 2.0/Salisbury/album/index.html
twohappymen.jpg,twohappymen,,,,Photo Albums/Jollyfollies 2.0/12k Service/12k Service/index.html
twolandys.jpg,twolandys,,,,Photo Albums/Jollyfollies 2.0/Salisbury/album/index.html
tyre.jpg,tyre,,,,Vehicle/tyres.html
uphillcamel.jpg,uphillcamel,,,,Photo Albums/Jollyfollies 2.0/Seven Sisters/album/index2.html
viewfromtherooftent.jpg,viewfromtherooftent,,,,Photo Albums/Jollyfollies 2.0/Cornwall/album/index.html
viewintosevensisters.jpg,viewintosevensisters,,,,Photo Albums/Jollyfollies 2.0/Seven Sisters/album/index2.html
waitingfortheferryhome.jpg,waitingfortheferryhome,,,,Photo Albums/Jollyfollies 2.0/Ireland/album/index.html
washing_line.jpg,washing line,,,,Reviews/Kit.html
wetday.jpg,wetday,,,,Photo Albums/Jollyfollies 2.0/Grim 8 2007/index.html
whatanicecivilisedwaytoremovetheoil.jpg,whatanicecivilisedwaytoremovetheoil,,,,Photo Albums/Jollyfollies 2.0/Mechanics Course/album/index.html
wherearewegoing.jpg,wherearewegoing,,,,Photo Albums/Jollyfollies 2.0/Salisbury/album/index.html
whosthephotographer.jpg,whosthephotographer,,,,Photo Albums/Jollyfollies 2.0/Salisbury/album/index.html
youtube.jpg,youtube,,,,Links/Links.htm
